,DBPath,correct_k,optk_MDS_gap_max,optk_MDS_gap_Tib,optk_MDS_gap*_max,optk_X_gap_max,optk_X_gap_Tib,optk_X_gap*_max,n_points,n_len1,n_len2,n_len3,n_len4,n_len5,n_len6,n_len7
1,D:\Z - Saved SQL Databases\44OP-160910_BU_Tidwell_Basement\JobDB.mdf,9,9,1,13,12,1,1,93,72,5,12,4,0,0,0
2,D:\Z - Saved SQL Databases\44OP-093324_Baylor_Bric_Bldg\JobDB.mdf,56,55,1,55,54,1,2,783,0,5,514,264,0,0,0
3,D:\Z - Saved SQL Databases\44OP-134749_ACC_JCP_Highland_Mall\JobDB.mdf,17,14,1,21,20,1,6,133,0,0,0,132,1,0,0
4,D:\Z - Saved SQL Databases\44OP-159826_BU_Soccer\JobDB.mdf,11,1,1,11,7,1,3,12,0,0,3,9,0,0,0
5,D:\Z - Saved SQL Databases\44OP-131383_SDMC_Surgery_Reno_PH2&3\JobDB.mdf,10,14,1,14,12,1,7,89,0,0,0,89,0,0,0
6,D:\Z - Saved SQL Databases\44OP-146118_ACC_RR_BLDG_3000_Boiler_Mods\JobDB.mdf,3,6,1,6,5,1,5,20,0,0,19,1,0,0,0
7,D:\Z - Saved SQL Databases\44OP-002754 TXSU Flowers\JobDB.mdf,7,11,1,11,10,1,6,144,0,0,4,140,0,0,0
8,D:\Z - Saved SQL Databases\44OP-119299_ACC_Hays\JobDB.mdf,85,28,1,64,62,1,1,649,0,0,2,629,18,0,0
9,D:\Z - Saved SQL Databases\44OP-155663_Baylor_BRIC_EHS\JobDB.mdf,63,46,1,63,56,1,1,768,2,5,489,268,4,0,0
10,D:\Z - Saved SQL Databases\44OP-143320_NAMC_Antepartum\JobDB.mdf,38,31,1,42,18,1,5,475,0,0,475,0,0,0,0
11,D:\Z - Saved SQL Databases\44OP-138902_Seton_HL_MRI_Addition\JobDB.mdf,4,1,1,8,6,1,1,41,0,0,41,0,0,0,0
12,D:\Z - Saved SQL Databases\44OP-147511_Seton_NW_Chiller_Replacement\JobDB.mdf,19,22,1,22,23,1,1,78,0,2,76,0,0,0,0
13,D:\Z - Saved SQL Databases\44OP-150984_Cirrus_Research old\JobDB.mdf,19,13,1,22,23,1,1,103,0,0,103,0,0,0,0
14,D:\Z - Saved SQL Databases\44OP-154285_UT_EERC_MTC\JobDB.mdf,8,11,1,11,8,1,3,76,0,2,72,2,0,0,0
15,D:\Z - Saved SQL Databases\44OP-152745_INTEL_AN4_COMPRESSOR\JobDB.mdf,48,46,1,52,52,1,6,624,1,2,21,466,134,0,0
16,D:\Z - Saved SQL Databases\44OP-147217_HCA_Cedar_Park_FSED\JobDB.mdf,10,14,1,14,10,1,1,18,0,3,15,0,0,0,0
17,D:\Z - Saved SQL Databases\44OP-159849_UT_EERC_old\JobDB.mdf,245,53,1,63,60,1,1,1723,0,20,1188,174,260,81,0
18,D:\Z - Saved SQL Databases\44OP-163025_UT_TEST_BENCH\JobDB.mdf,1,1,1,5,1,1,1,24,24,0,0,0,0,0,0
19,D:\Z - Saved SQL Databases\44OP-153537_NAMC_PEDS\JobDB.mdf,1,1,1,5,1,1,1,40,0,0,40,0,0,0,0
20,D:\Z - Saved SQL Databases\44OP-130108_UT_Geography_Bldg\JobDB.mdf,21,18,1,25,23,1,3,92,0,0,92,0,0,0,0
21,D:\Z - Saved SQL Databases\44OP-103884_ACC_Elgin\JobDB.mdf,26,25,1,28,26,1,3,209,0,0,0,209,0,0,0
22,D:\Z - Saved SQL Databases\44OP-147028_UT_GEO_Package_6\JobDB.mdf,9,1,1,11,5,1,1,49,0,0,49,0,0,0,0
23,D:\Z - Saved SQL Databases\44OP-165943_Cirrus_Logic_HQ_Ph_2\JobDB.mdf,16,9,1,20,19,1,2,61,0,2,46,13,0,0,0
24,D:\Z - Saved SQL Databases\44OP-166059_Baylor_Elliston_Chapel\JobDB.mdf,2,1,1,1,1,1,1,2,0,0,2,0,0,0,0
25,D:\Z - Saved SQL Databases\44OP-170006_TXSU_Jones_Dining_Hall_Reno_chase\JobDB.mdf,25,10,1,27,27,1,1,126,0,2,123,1,0,0,0
26,D:\Z - Saved SQL Databases\44OP-142255_TFC_NSOC\JobDB.mdf,7,10,1,10,11,1,6,30,0,0,29,1,0,0,0
27,D:\Z - Saved SQL Databases\44OP-151758_Baylor_Business_School\JobDB.mdf,67,1,1,58,58,1,1,1809,1552,6,215,36,0,0,0
28,D:\Z - Saved SQL Databases\44OP-156184_TFC_INS_PDB\JobDB.mdf,9,9,3,13,7,3,3,33,14,0,16,3,0,0,0
29,D:\Z - Saved SQL Databases\44OP-143748_UT_EERC\JobDB.mdf,39,12,1,41,25,1,4,60,0,0,60,0,0,0,0
30,D:\Z - Saved SQL Databases\44OP-156674_RRMC_NUC_CATH\JobDB.mdf,6,4,1,8,8,1,4,49,0,49,0,0,0,0,0
31,D:\Z - Saved SQL Databases\44OP-146488_TFC_DSHS_A600_Labs_Ph3\JobDB.mdf,16,8,3,20,15,3,3,34,5,0,1,28,0,0,0
32,D:\Z - Saved SQL Databases\44OP-140618_TAMU_CC_Dining_Hall\JobDB.mdf,2,3,2,5,3,2,2,31,15,0,16,0,0,0,0
33,D:\Z - Saved SQL Databases\44OP-154233_BU_Penland_Hall_Dining\JobDB.mdf,47,15,4,51,33,4,6,177,3,1,171,2,0,0,0
34,D:\Z - Saved SQL Databases\44OP-155245_BRIC_Region_12_ESC\JobDB.mdf,81,71,5,87,67,5,5,768,2,5,500,257,4,0,0
35,D:\Z - Saved SQL Databases\44OP-124719_TAMU_Library\JobDB.mdf,40,33,2,41,34,2,9,307,22,1,280,4,0,0,0
36,D:\Z - Saved SQL Databases\44OP-159998 Jamie\JobDB.mdf,47,36,4,51,42,4,5,433,70,5,285,73,0,0,0
37,D:\Z - Saved SQL Databases\44OP-150984_Cirrus_Research\JobDB.mdf,31,17,1,29,30,1,1,159,0,0,159,0,0,0,0
38,D:\Z - Saved SQL Databases\44OP-171481_100_Congress_Civitas\JobDB.mdf,3,5,1,5,4,1,2,24,0,0,0,24,0,0,0
39,D:\Z - Saved SQL Databases\44OP-127929_Baylor_Planters_House\JobDB.mdf,1,1,1,4,1,1,1,9,0,0,9,0,0,0,0
40,D:\Z - Saved SQL Databases\44OP-168489_Baylor_Fast_Forward\JobDB.mdf,123,95,6,124,101,5,10,716,33,35,241,399,8,0,0
41,D:\Z - Saved SQL Databases\44OP-117216_UMHB_Stadium\JobDB.mdf,75,59,2,76,68,2,5,409,1,1,328,79,0,0,0
42,D:\Z - Saved SQL Databases\44OP-148606_BU_RANEY_SMITH\JobDB.mdf,15,13,2,17,14,2,3,50,0,0,11,39,0,0,0
43,D:\Z - Saved SQL Databases\44OP-170006_TXSU_Jones_Dining_Hall_Reno\JobDB.mdf,39,13,3,42,43,2,2,152,0,4,147,1,0,0,0
44,D:\Z - Saved SQL Databases\44OP-169562_Prudential_Overall_Supply\JobDB.mdf,1,4,1,4,1,1,1,307,307,0,0,0,0,0,0
45,D:\Z - Saved SQL Databases\44OP-158160_Baylor_Armstrong_Browning_AHU\JobDB.mdf,2,2,2,8,2,2,2,35,13,0,22,0,0,0,0
46,D:\Z - Saved SQL Databases\44OP-167838_Baylor_Athletic_Nutrition\JobDB.mdf,25,22,2,28,23,2,2,34,0,5,29,0,0,0,0
47,D:\Z - Saved SQL Databases\44OP-159356_TSC_ITECC\JobDB.mdf,4,5,1,10,5,1,5,30,0,0,0,30,0,0,0
48,D:\Z - Saved SQL Databases\44OP-145864_SDMC_32nd_AHU_Replacement\JobDB.mdf,3,7,1,9,6,1,2,58,0,0,0,58,0,0,0
49,D:\Z - Saved SQL Databases\44OP-138488_TFC_LBJ_DMP_Phase_1\JobDB.mdf,16,11,1,23,23,1,9,312,0,0,312,0,0,0,0
50,D:\Z - Saved SQL Databases\44OP-167901_Intel_AN4_3B\JobDB.mdf,4,10,2,15,12,3,6,44,0,0,0,40,4,0,0
51,D:\Z - Saved SQL Databases\44OP-123360_S&W_POB\JobDB.mdf,18,18,2,26,21,2,6,179,0,2,177,0,0,0,0
52,D:\Z - Saved SQL Databases\44OP-087407_UT_LIBERAL_ARTS\JobDB.mdf,23,42,3,61,57,3,4,430,0,4,370,56,0,0,0
53,D:\Z - Saved SQL Databases\44OP-150580_NEC_Lakeline\JobDB.mdf,6,1,1,5,4,1,5,6,0,0,0,6,0,0,0
54,D:\Z - Saved SQL Databases\44OP-124807_TFC_Moreton\JobDB.mdf,34,25,3,47,41,3,3,308,0,3,298,7,0,0,0
55,D:\Z - Saved SQL Databases\44OP-159991 Neighbors\JobDB.mdf,6,2,2,6,1,1,6,7,0,0,0,7,0,0,0
56,D:\Z - Saved SQL Databases\44OP-169908_Seton_HL_New_OA_Units\JobDB.mdf,2,4,1,9,2,1,2,30,0,0,30,0,0,0,0
57,D:\Z - Saved SQL Databases\44OP-152078_AT&T_LABS MBC\JobDB.mdf,85,43,6,117,62,6,6,528,209,276,14,22,4,1,2
58,D:\Z - Saved SQL Databases\44OP-167361_TFC_ DSHS_Fast_Forward\JobDB.mdf,16,9,3,36,31,3,3,42,0,0,28,12,2,0,0
59,D:\Z - Saved SQL Databases\44OP-102233_Seton_HL_Chiller\JobDB.mdf,2,1,1,8,2,1,2,10,0,0,0,10,0,0,0
60,D:\Z - Saved SQL Databases\44OP-168475_UT_Townes_Hall_HVAC_Proj_Ph_2\JobDB.mdf,7,14,2,29,27,2,9,108,0,0,92,16,0,0,0
61,D:\Z - Saved SQL Databases\44OP-150108_TAMUHSC_MRB_MBC_FF\JobDB.mdf,40,29,3,67,20,3,3,435,412,9,14,0,0,0,0
62,D:\Z - Saved SQL Databases\44OP-146257_Baylor_Track\JobDB.mdf,27,14,1,32,12,1,3,33,0,0,33,0,0,0,0
63,D:\Z - Saved SQL Databases\44OP-149430-TFC_JHW_Monitor_DC\JobDB.mdf,86,69,4,105,101,4,6,295,10,0,87,175,23,0,0
64,D:\Z - Saved SQL Databases\44OP-154286_Intel_AN4_Data_Center\JobDB.mdf,29,19,3,54,35,3,6,66,0,0,18,43,5,0,0
65,D:\Z - Saved SQL Databases\44OP-166628_Baylor_BRIC_Dr_Birkeland\JobDB.mdf,3,6,4,19,13,2,2,58,0,0,47,11,0,0,0
66,D:\Z - Saved SQL Databases\44OP-170871_SDMC_MRI_Addition\JobDB.mdf,1,1,1,3,1,1,3,4,0,0,0,0,4,0,0
67,D:\Z - Saved SQL Databases\44OP-147230_TFC_WBT_and_SFA\JobDB.mdf,66,46,3,79,67,3,3,272,2,1,260,9,0,0,0
68,D:\Z - Saved SQL Databases\44OP-159849 UT EERC-ECJ 2nd Flr\JobDB.mdf,39,20,1,44,23,1,2,61,0,0,61,0,0,0,0
69,D:\Z - Saved SQL Databases\44OP-151233_SAMC_Pharmacy_Reno\JobDB.mdf,8,4,1,13,3,1,3,32,1,0,0,31,0,0,0
70,D:\Z - Saved SQL Databases\44OP-159998CHASE\JobDB.mdf,69,41,8,106,79,7,7,225,27,18,141,22,4,11,2
71,D:\Z - Saved SQL Databases\44OP-075294 SAMC New Const Ph 3 4 5\JobDB.mdf,4,7,1,12,7,1,7,138,0,0,0,138,0,0,0
72,D:\Z - Saved SQL Databases\44OP-080108_Austin_Treasury\JobDB.mdf,7,16,2,25,10,2,10,102,14,0,88,0,0,0,0
73,D:\Z - Saved SQL Databases\44OP-148387_BU_FORMAN_LAB\JobDB.mdf,6,5,2,26,10,2,4,40,0,0,22,18,0,0,0
74,D:\Z - Saved SQL Databases\44OP-154681_Baylor_BRIC_OAHU_E2\JobDB.mdf,87,95,6,104,97,5,5,816,2,5,529,276,4,0,0
75,D:\Z - Saved SQL Databases\44OP-120702_Seton_HL_Nuclear\JobDB.mdf,1,1,1,1,1,1,1,2,0,0,2,0,0,0,0
76,D:\Z - Saved SQL Databases\44OP-112425_East_Village_North\JobDB.mdf,27,35,3,49,38,3,6,151,0,2,133,16,0,0,0
77,D:\Z - Saved SQL Databases\44OP-159849 EERC\JobDB.mdf,290,198,4,314,292,4,5,2294,0,1,968,1149,124,52,0
78,D:\Z - Saved SQL Databases\44OP-162206_MCC_CSC_Module_E_Chiller\JobDB.mdf,2,1,1,5,2,1,4,7,0,0,7,0,0,0,0
79,D:\Z - Saved SQL Databases\44OP-135704_BU_South_Russell\JobDB.mdf,24,7,2,36,11,2,2,156,0,5,150,1,0,0,0
80,D:\Z - Saved SQL Databases\44OP-129261_100_Congress_Central_Plant_Upgrade\JobDB.mdf,31,36,4,81,37,3,6,269,108,1,0,152,8,0,0
81,D:\Z - Saved SQL Databases\44OP-159849 EERC-CHASE\JobDB.mdf,5,54,5,64,51,5,6,3266,0,18,1519,1286,310,133,0
82,D:\Z - Saved SQL Databases\44OP-162224_MCC_CSC_Module_A_RTU\JobDB.mdf,11,18,2,38,19,2,4,193,0,0,173,20,0,0,0
83,D:\Z - Saved SQL Databases\44OP-171494_Baylor_BRIC_Dr_Rylander\JobDB.mdf,157,77,1,160,165,1,3,7904,771,89,4125,2671,218,30,0
84,D:\Z - Saved SQL Databases\44OP-106650_SETON_NW_OR\JobDB.mdf,9,16,1,17,12,1,2,88,0,0,86,2,0,0,0
85,D:\Z - Saved SQL Databases\44OP-156522_TxDOT_Acid_Hood\JobDB.mdf,35,38,2,75,30,2,6,77,0,0,0,40,37,0,0
86,D:\Z - Saved SQL Databases\44OP-159998 HMSL Expansion BP1\JobDB.mdf,41,89,4,147,79,4,6,433,70,5,285,73,0,0,0
87,D:\Z - Saved SQL Databases\44OP-166320_TXSU_MSH\JobDB.mdf,32,29,3,44,31,3,3,257,0,2,249,6,0,0,0
88,D:\Z - Saved SQL Databases\44OP-164908_UT_Dell_Medical_School_Research_Building\JobDB.mdf,37,73,3,117,88,3,3,241,0,0,149,62,30,0,0
89,D:\Z - Saved SQL Databases\44OP-156536_BU_North_Russell\JobDB.mdf,42,20,2,54,35,2,5,197,0,5,192,0,0,0,0
90,D:\Z - Saved SQL Databases\44OP-140409_SAMC_BMT_Oncology\JobDB.mdf,7,5,1,15,7,1,6,81,0,0,0,81,0,0,0
91,D:\Z - Saved SQL Databases\44OP-148596_UT_Townes_Hall\JobDB.mdf,17,23,2,25,18,2,2,150,0,2,145,3,0,0,0
92,D:\Z - Saved SQL Databases\44OP-170036_UT_Townes_Hall_HVAC_Proj_Ph_2\JobDB.mdf,8,11,2,23,16,2,8,96,0,0,88,8,0,0,0
93,D:\Z - Saved SQL Databases\44OP-149635_Baylor_Migrations\JobDB.mdf,16,24,2,35,18,2,4,90,0,1,70,19,0,0,0
94,D:\Z - Saved SQL Databases\44OP-136475_UT_HRC\JobDB.mdf,31,29,2,49,19,2,7,190,0,0,178,12,0,0,0
95,D:\Z - Saved SQL Databases\44OP-167712_Block_23_Greenwater_Office_Bldg\JobDB.mdf,64,24,4,81,57,4,4,368,1,2,342,19,4,0,0
96,D:\Z - Saved SQL Databases\44OP-159393_SDMC_32nd_PH_5\JobDB.mdf,1,1,1,9,1,1,1,27,0,0,27,0,0,0,0
97,D:\Z - Saved SQL Databases\44OP-138815_TXSU_CoGen_Plant_BAS_Mods\JobDB.mdf,61,71,9,75,79,5,5,445,0,4,388,48,5,0,0
98,D:\Z - Saved SQL Databases\44OP-127491_MCC_CSC_BLDG_F\JobDB.mdf,6,9,1,12,5,1,12,14,0,0,14,0,0,0,0
99,D:\Z - Saved SQL Databases\44OP-132975_TFC_Rudder_Building\JobDB.mdf,13,17,2,17,11,2,11,107,0,2,104,1,0,0,0
100,D:\Z - Saved SQL Databases\44OP-150007_Cirrus_Logic_Ph2\JobDB.mdf,12,17,4,28,19,3,6,48,0,2,35,11,0,0,0
101,D:\Z - Saved SQL Databases\44OP-181789_TXSU_MCS\JobDB.mdf,7,22,3,30,24,3,8,166,0,2,45,119,0,0,0
102,D:\Z - Saved SQL Databases\44OP-198461_TXSU_Lantana CHW\JobDB.mdf,4,2,2,13,8,2,8,17,0,0,2,15,0,0,0
103,D:\Z - Saved SQL Databases\44OP-197274_TXSU_Ag_Bldg\JobDB.mdf,2,1,1,4,1,1,4,5,0,0,0,5,0,0,0
104,D:\Z - Saved SQL Databases\44OP-181323_Sabinal_Renovation\JobDB.mdf,12,36,3,41,37,3,5,146,0,2,54,90,0,0,0
105,D:\Z - Saved SQL Databases\44OP-176407_TFC_DSHS_LAB_MBC_29_VFDS_AHU_2\JobDB.mdf,15,36,3,45,34,3,5,115,0,0,19,88,8,0,0
106,D:\Z - Saved SQL Databases\44OP-179696_TXSU_Star_One_Addition\JobDB.mdf,45,51,1,51,22,1,1,95,0,0,94,1,0,0,0
107,D:\Z - Saved SQL Databases\44OP-173327_Baylor_Memorial_Dorm_Dining_Hall\JobDB.mdf,10,18,2,34,23,2,6,115,0,0,87,28,0,0,0
108,D:\Z - Saved SQL Databases\44OP-185054_Baylor_Old_Main\JobDB.mdf,5,20,2,25,16,2,16,126,0,0,49,77,0,0,0
109,D:\Z - Saved SQL Databases\44OP-176715_Seton\JobDB.mdf,807,29,1,806,796,1,2,807,0,0,807,0,0,0,0
110,D:\Z - Saved SQL Databases\44OP-178936_ACC_Bond_Service_Center_Controls\JobDB.mdf,9,10,1,10,10,1,4,10,0,0,10,0,0,0,0
111,D:\Z - Saved SQL Databases\44OP-172850_RRMC_Hybrid_OR\JobDB.mdf,2,3,1,10,2,1,2,14,0,0,0,14,0,0,0
112,D:\Z - Saved SQL Databases\44OP-196125_TXSU_Strahan_AHU11\JobDB.mdf,1,10,2,18,8,2,2,29,0,0,16,13,0,0,0
113,D:\Z - Saved SQL Databases\44OP-208597_ACC_Leander_Campus\JobDB.mdf,152,57,2,157,125,2,2,719,0,0,0,622,97,0,0
114,D:\Z - Saved SQL Databases\44OP-186227_Baylor_Hankamer\JobDB.mdf,37,40,3,57,30,3,9,232,0,2,218,12,0,0,0
115,D:\Z - Saved SQL Databases\44OP-195316_SAMC_3rd Floor PH_2_Renovation\JobDB.mdf,9,21,3,30,18,3,3,59,0,1,7,41,10,0,0
116,D:\Z - Saved SQL Databases\44OP-209545_TFC_LBJ_AHU_Repl_DM2016\JobDB.mdf,46,20,1,55,51,1,1,723,0,2,663,58,0,0,0
117,D:\Z - Saved SQL Databases\44OP-176796_Solarwinds_Ph_2\JobDB.mdf,4,4,1,13,7,1,7,24,0,0,24,0,0,0,0
118,D:\Z - Saved SQL Databases\44OP-183291_SAMC_Flr_3_Reno_Ph_1\JobDB.mdf,8,11,1,17,17,1,1,52,0,1,2,39,10,0,0
119,D:\Z - Saved SQL Databases\44OP-190047_TFC_Hobby\JobDB.mdf,24,8,1,33,30,1,10,167,0,0,4,151,12,0,0
120,D:\Z - Saved SQL Databases\44OP-175920_UT_BME_Dr_Peppas_Lab\JobDB.mdf,52,61,1,61,45,1,3,157,0,0,56,99,2,0,0
121,D:\Z - Saved SQL Databases\44OP-207960_TXSU_LBJ_Student_Center_Reno\JobDB.mdf,104,69,1,112,109,1,10,1533,1,4,1176,349,3,0,0
122,D:\Z - Saved SQL Databases\44OP-199631_TXSU_Retama_Hall_Reno\JobDB.mdf,23,27,2,34,31,2,2,116,0,0,110,6,0,0,0
123,D:\Z - Saved SQL Databases\44OP-210011_BRIC_Dr_Kim_Clean_Rm\JobDB.mdf,11,15,1,20,17,1,2,130,0,0,105,25,0,0,0
124,D:\Z - Saved SQL Databases\44OP-194853_MCC_Highland_Gym\JobDB.mdf,2,1,1,1,1,1,1,2,0,0,2,0,0,0,0
125,D:\Z - Saved SQL Databases\44OP-197274 TXSU Ag Bldg Rm 225\JobDB.mdf,2,5,1,5,5,1,5,5,0,0,0,5,0,0,0
126,D:\Z - Saved SQL Databases\44OP-173377_TFC_IAQ_P35-E\JobDB.mdf,12,7,2,28,6,2,6,33,0,0,9,24,0,0,0
127,D:\Z - Saved SQL Databases\44OP-175775_CCMC_Doctors_Regional\JobDB.mdf,6,4,1,15,4,1,4,133,0,115,18,0,0,0,0
128,D:\Z - Saved SQL Databases\44OP-173466_TFC_IAQ_DSHS_DHT\JobDB.mdf,5,14,2,15,5,2,4,39,0,0,3,36,0,0,0
129,D:\Z - Saved SQL Databases\44OP-200081_Intel_AN4C_3A\JobDB.mdf,1,1,1,9,1,1,1,14,0,0,0,14,0,0,0
130,D:\Z - Saved SQL Databases\44OP-180310_SAMC_OR_Expansion\JobDB.mdf,6,10,3,32,6,3,3,99,0,0,46,48,5,0,0
131,D:\Z - Saved SQL Databases\44OP-197265_Baylor_Martin_Dorm\JobDB.mdf,18,11,1,25,24,1,11,144,0,2,137,5,0,0,0
132,D:\Z - Saved SQL Databases\44OP-180163_Baylor_Penland_Dining_RTU2\JobDB.mdf,3,2,1,11,1,1,1,49,0,0,49,0,0,0,0
133,D:\Z - Saved SQL Databases\44OP-187918_UT_TNH_HVAC_Proj_Ph_3\JobDB.mdf,7,15,1,15,13,1,6,114,0,0,95,16,3,0,0
134,D:\Z - Saved SQL Databases\44OP-209898 Deloitte 15_16 Floor\JobDB.mdf,3,12,2,12,12,1,12,12,1,0,0,11,0,0,0
135,D:\Z - Saved SQL Databases\44OP-182498_TXSU_Alkek\JobDB.mdf,4,1,1,3,3,1,3,4,0,0,4,0,0,0,0
136,D:\Z - Saved SQL Databases\44OP-184168_TFC_TCEQ_Park_35\JobDB.mdf,25,26,1,33,29,1,2,91,0,0,0,91,0,0,0
137,D:\Z - Saved SQL Databases\44OP-190124_TFC_DHOP_Central_Plant\JobDB.mdf,45,63,3,157,79,3,4,328,84,1,164,79,0,0,0
138,D:\Z - Saved SQL Databases\44OP-195514_Seton_HL_Surgery_Reno\JobDB.mdf,5,24,2,25,21,2,4,98,0,0,78,20,0,0,0
139,D:\Z - Saved SQL Databases\44OP-179185_ACC_Highland_Reno\JobDB.mdf,22,24,4,41,15,3,3,44,0,2,34,8,0,0,0
